{
    "train_mae": 2.5861908278576027,
    "test_mae": 3.0599576201050587,
    "train_r2": 0.8811662744546982,
    "test_r2": 0.835204327123934,
    "mean_cv_score": 3.0301797681060716,
    "cv_scores": [
        3.052817997073575,
        3.0186571215706017,
        2.991907842865588,
        3.0633638783245147,
        3.024152000696079
    ]
}